extension,run,seconds
__baseline__,1,NaN
__baseline__,2,NaN
pi-acpx,1,NaN
pi-acpx,2,NaN
pi-auto-rename,1,NaN
pi-auto-rename,2,NaN
pi-azure-empty-response-guard,1,NaN
pi-azure-empty-response-guard,2,NaN
pi-bash-picker,1,NaN
pi-bash-picker,2,NaN
pi-crosstalk,1,NaN
pi-crosstalk,2,NaN
pi-custom-context-files,1,NaN
pi-custom-context-files,2,NaN
pi-env-ctx,1,NaN
pi-env-ctx,2,NaN
pi-error-recovery,1,NaN
pi-error-recovery,2,NaN
pi-inline-macros,1,NaN
pi-inline-macros,2,NaN
pi-introspection,1,NaN
pi-introspection,2,NaN
pi-kyz,1,NaN
pi-kyz,2,NaN
pi-observational-memory,1,NaN
pi-observational-memory,2,NaN
pi-openai-completions-convert-think-tags,1,NaN
pi-openai-completions-convert-think-tags,2,NaN
pi-oqto-bridge,1,NaN
pi-oqto-bridge,2,NaN
pi-oqto-todos,1,NaN
pi-oqto-todos,2,NaN
pi-read-file-guard,1,NaN
pi-read-file-guard,2,NaN
pi-read-image-guard,1,NaN
pi-read-image-guard,2,NaN
pi-sudo,1,NaN
pi-sudo,2,NaN
pi-trx-picker,1,NaN
pi-trx-picker,2,NaN
